2589.672852,2539.704346,2486.313232,2104.352295,2157.335449,1632.485107,1591.028809,811.825989,773.562073
2580.763672,2439.861084,2537.772705,2096.873047,2161.761475,1635.679932,1612.44397,798.054382,750.451782
2535.338379,2359.098389,2511.201416,2166.525635,2151.543457,1636.312622,1557.235718,775.58905,801.73584
2562.694336,2406.18457,2520.132568,2047.919434,2169.282471,1629.889282,1599.37207,794.850708,785.118469
2524.376221,2468.467285,2525.857178,2144.953613,2176.981445,1611.473511,1585.114258,833.192993,799.635559
2546.360107,2497.773438,2445.989258,2175.043213,2130.248535,1709.602417,1572.024536,823.198547,750.69519
2652.648438,2521.064941,2560.510254,2073.645508,2199.224609,1643.459839,1623.285522,799.805969,764.233704
2529.045654,2430.793701,2510.502441,2170.29248,2141.654541,1631.034058,1698.461182,837.31073,769.458862
2529.637695,2446.259277,2436.125244,2127.616699,2167.283203,1661.154663,1614.360962,792.820313,750.524536
2670.76123,2456.517578,2459.567139,2149.261719,2145.303955,1714.726074,1616.02124,812.820496,777.299133
2598.479492,2433.266357,2502.9021,2125.916992,2154.326904,1638.971558,1557.234131,797.21228,772.353271
2529.29541,2474.071045,2488.164551,2118.907471,2163.804199,1633.562012,1571.849609,777.033569,789.411499
2681.177734,2474.619141,2515.602783,2158.097412,2209.43042,1684.480957,1595.262573,814.203186,778.82135
2603.705566,2411.3396,2492.404785,2118.657471,2242.427979,1671.473389,1583.729736,795.057556,736.170471
2632.858398,2452.924316,2584.438965,2142.208008,2216.76001,1715.178101,1628.186401,840.21637,771.102234
2632.630371,2437.730713,2558.584717,2078.00415,2172.76123,1668.141968,1576.256714,831.202698,734.067627
2580.229736,2435.868164,2507.563721,2080.093994,2115.713867,1625.794434,1600.220459,856.919128,769.191101
2586.54248,2428.29541,2593.442139,2082.149658,2183.323242,1681.618408,1620.341675,791.061646,765.741638
2665.467285,2498.760254,2550.824219,2150.3396,2218.610352,1630.954102,1668.847778,849.935425,794.172119
2680.904297,2478.021484,2558.310059,2130.297119,2233.223633,1720.549072,1569.082886,834.224121,772.499023
2634.418701,2447.857178,2563.086182,2148.516113,2186.94873,1637.483032,1580.569458,808.789673,777.381042
2595.50293,2462.479736,2514.78125,2028.584229,2214.814453,1655.411133,1624.657837,764.574097,737.721313
2598.781494,2524.455078,2534.117676,2150.268555,2190.369629,1649.849731,1579.602173,785.332275,745.586914
2646.792236,2448.434326,2538.650146,2165.273193,2284.40332,1696.029297,1655.112305,784.99707,762.134277
2674.445557,2448.797607,2524.311523,2202.761963,2216.361816,1640.765381,1584.827393,813.42041,758.878113
2580.854492,2423.669434,2553.123535,2163.910156,2209.046875,1673.305786,1655.671021,855.099365,759.014343
2551.409912,2427.196777,2473.798584,2139.546631,2195.428711,1660.655762,1659.231812,766.86792,785.092102
2585.80957,2489.852295,2660.411621,2076.513428,2194.02124,1679.783936,1586.121948,823.60553,818.07135
2690.94458,2497.696045,2531.516602,2201.020264,2142.272217,1662.622192,1642.623901,810.441956,759.677124
2529.054199,2468.034424,2516.158203,2069.773438,2176.121338,1629.291626,1629.55542,776.011475,775.625305
2598.557129,2435.746582,2527.053467,2115.720703,2184.387207,1691.94458,1620.586182,826.738647,792.236755
2558.02124,2487.426025,2469.835938,2212.856201,2240.053711,1642.171387,1575.464478,802.350464,751.939941
2674.319092,2461.565186,2522.145752,2115.910156,2168.612305,1685.990356,1678.253174,774.908936,763.79895
2585.186279,2494.962402,2437.825439,2158.892822,2200.190186,1660.43396,1541.536499,795.247498,740.827332
2569.70752,2511.95459,2499.890137,2145.062988,2174.223145,1654.80127,1569.437256,799.934326,751.435242
2607.518555,2501.571533,2533.559814,2144.200928,2197.536865,1632.441895,1602.876221,788.44281,799.278442
2680.184326,2484.85376,2473.744629,2104.671631,2194.750488,1682.399658,1581.937134,815.78302,764.852173
2627.380371,2446.19873,2550.436279,2132.627197,2132.490234,1611.10791,1579.579956,791.655762,765.15271
2635.086182,2495.023438,2547.970459,2140.471436,2210.903564,1663.210083,1567.393433,816.133606,767.089111
2548.016846,2439.143066,2556.324219,2150.024902,2135.830566,1635.587524,1660.911011,790.007996,765.224121
2565.873047,2464.556152,2561.674072,2222.807129,2248.512695,1628.216553,1570.10022,789.271545,740.343628
2631.744141,2541.671387,2616.734131,2177.66748,2183.794922,1703.919434,1622.390625,818.125854,796.798767
2566.532471,2504.257813,2455.722412,2102.220703,2169.304932,1688.827271,1615.29126,802.950684,742.283447
2520.239258,2396.583496,2517.674561,2134.151367,2174.973389,1718.512329,1581.412842,850.121826,769.259094
2586.055908,2548.840332,2533.002197,2134.837402,2142.125244,1684.46228,1641.244263,805.097534,785.737122
2524.791748,2524.717529,2501.088867,2121.511963,2170.519043,1649.744751,1577.156738,772.254456,749.692932
2746.714355,2500.306396,2594.862549,2118.386475,2283.849121,1726.484619,1616.216919,785.687439,768.432617
2640.834473,2552.316162,2479.956055,2134.806641,2211.530762,1638.993652,1601.193237,798.03064,761.433044
2669.310547,2492.081787,2574.040771,2141.252686,2266.506348,1704.326172,1600.505737,799.24939,790.903137
2572.81958,2422.175781,2596.32373,2069.49585,2182.852783,1642.796143,1551.430786,812.854492,768.523438
2519.089844,2489.539307,2552.695313,2183.900879,2140.62085,1695.30127,1641.071411,792.589661,781.876831
2638.319824,2469.782715,2525.896973,2196.184814,2154.814941,1619.622437,1586.838013,793.307434,768.889465
2659.719238,2497.209717,2485.443848,2149.42334,2195.212158,1680.343018,1620.521118,805.713684,763.997498
2646.699951,2463.932861,2415.491699,2099.404541,2140.0625,1631.231934,1619.273315,799.663086,779.626648
2617.335205,2486.322998,2586.748779,2146.912109,2206.492188,1646.881348,1556.222534,792.395752,771.315552
2582.739502,2487.224854,2548.164795,2182.897705,2177.596191,1682.381348,1634.593018,794.902893,765.737122
2707.365723,2472.647217,2565.246826,2149.226563,2198.37793,1617.420654,1626.467529,766.832581,754.478271
2609.754883,2452.660889,2472.867676,2099.619873,2170.78418,1671.445923,1612.314331,784.697205,766.589966
2611.185791,2452.863525,2536.614014,2142.585693,2139.948242,1679.596558,1595.711914,822.998596,779.999878
2623.145508,2479.344727,2548.53418,2197.473877,2240.735107,1687.018311,1584.075562,812.492737,787.495422
2589.596436,2451.40332,2556.199463,2161.872803,2189.091553,1637.961304,1568.723633,778.839294,733.038025
2646.855225,2418.788574,2498.705078,2082.508545,2160.800781,1648.691772,1584.256348,810.708252,788.46106
2656.636719,2453.469238,2521.316406,2113.759033,2240.336914,1709.889526,1619.975708,790.715393,749.43158
2626.10376,2500.541748,2485.738037,2123.183594,2168.584229,1581.201294,1611.427246,792.256287,779.374695
2513.895996,2485.270996,2505.448486,2072.030518,2176.556885,1691.465698,1580.688843,821.576294,787.315125
2630.521729,2467.964355,2524.084473,2090.563477,2221.83252,1640.092041,1660.374268,773.940979,793.897217
2630.20166,2483.47876,2473.836426,2169.755615,2188.291504,1640.078857,1586.166138,800.272766,743.435791
2609.578857,2373.667725,2454.630371,2080.592773,2139.694092,1694.322998,1638.297485,795.465271,771.940002
2570.68042,2473.156738,2543.888672,2146.072021,2199.490479,1695.859131,1600.964722,797.753235,784.012756
2588.911133,2517.579834,2567.607666,2147.588379,2205.959961,1640.123413,1573.482544,780.102112,770.89093
2580.840088,2499.639648,2529.496338,2106.19873,2191.9646,1674.191406,1570.5354,808.044312,782.5802
2561.568115,2460.122314,2539.653076,2119.591309,2202.901123,1656.433838,1605.304932,779.824768,800.821289
2561.565674,2552.406006,2505.462402,2194.754883,2183.189453,1685.293213,1596.733154,830.4104,751.347412
2587.431885,2501.913818,2529.434082,2213.762939,2155.688965,1706.080078,1680.349365,835.079834,784.879395
2621.134521,2516.319092,2509.676758,2131.373047,2176.364746,1644.560547,1590.230713,791.294006,746.861389
2729.00708,2474.929199,2481.289551,2091.902588,2228.262207,1613.017944,1574.066162,819.488159,758.39624
2606.706299,2561.531738,2538.260254,2232.022217,2180.098389,1720.883301,1606.887817,819.380676,768.314209
2582.540283,2476.65918,2545.589844,2204.179688,2158.12793,1705.017578,1584.813354,799.795959,769.126709
2631.12793,2498.990967,2495.285156,2174.226074,2262.628174,1682.17334,1621.682007,804.749817,792.423035
2659.1875,2508.543701,2563.335205,2131.913574,2154.20874,1636.721313,1582.668579,795.561951,753.151184
2636.38916,2419.704102,2572.171143,2041.660522,2209.523682,1668.714844,1674.975098,827.656372,764.427185
2583.220947,2449.769287,2501.30542,2035.198853,2199.28418,1560.334229,1592.997925,778.414063,748.077209
2595.001465,2542.916016,2531.715576,2149.860352,2216.28418,1661.067017,1569.998535,827.640991,773.832153
2582.161377,2460.450928,2476.53125,2135.582764,2127.702148,1568.400269,1550.00061,799.468628,755.359009
2702.410889,2463.831543,2536.361328,2143.51001,2185.29834,1618.908081,1705.514282,819.855652,754.582458
2571.865967,2490.861084,2436.578613,2105.711914,2170.642578,1650.981567,1640.869141,766.764893,782.09967
2656.13501,2461.295166,2514.744385,2148.638672,2308.59668,1644.052002,1548.831177,823.348328,758.182556
2639.148193,2473.63501,2448.608398,2184.696533,2187.804688,1701.483765,1685.650146,824.304688,776.290283
2609.892578,2484.520996,2500.642334,2142.25,2214.17334,1686.331665,1581.889038,767.005676,764.45282
2628.723389,2412.157959,2529.922119,2114.649658,2184.829346,1717.51062,1637.676392,756.758179,755.556519
2702.324951,2400.678223,2484.49585,2095.082764,2186.447266,1640.530518,1598.314941,775.645386,765.805664
2613.92334,2490.17749,2467.347168,2185.019775,2238.518311,1727.159424,1566.973389,796.442078,783.285156
2603.002686,2463.032959,2534.153809,2102.422363,2245.64502,1646.092773,1607.053223,791.109253,761.338379
2579.534668,2467.659424,2503.645508,2099.84082,2143.607178,1647.71106,1595.990356,819.086792,779.18866
2616.85083,2496.495361,2519.407227,2173.858887,2198.063721,1666.215698,1656.629395,831.087219,788.985779
2656.789307,2439.930176,2584.444824,2091.130127,2194.046631,1624.748657,1605.507568,773.204773,763.330444
2611.626465,2504.415771,2601.762939,2179.588135,2220.936279,1667.149048,1607.487549,781.139282,747.532227
2647.759521,2476.339111,2497.5354,2137.273438,2165.641602,1621.584106,1603.853149,809.580017,760.353638
2626.219971,2479.323486,2622.571045,2118.42749,2134.196777,1661.876099,1585.681641,808.115906,728.265503
2590.190186,2451.345215,2539.078613,2095.115479,2174.998779,1610.96167,1557.712891,804.85614,775.794617
2689.360596,2462.29541,2582.182373,2235.413086,2185.127686,1710.436768,1631.986816,798.81012,770.96283
2573.97168,2532.592529,2481.831055,2141.33252,2221.87793,1622.912231,1617.485229,778.725342,723.440247
2637.444092,2427.022217,2485.877197,2139.209473,2271.765869,1627.26123,1635.357422,793.965332,779.049988
2551.269287,2501.317383,2623.53418,2130.248779,2212.397705,1675.436401,1606.729614,795.988892,771.208618
2506.412842,2502.45874,2496.872559,2069.498291,2186.657959,1667.660522,1601.293945,793.155029,790.154907
2620.130371,2485.422363,2586.156738,2162.490967,2154.015869,1640.658936,1612.159302,800.644836,770.614136
2585.714355,2535.502197,2492.012939,2160.772949,2223.399658,1625.171021,1599.081177,802.481873,791.06073
2560.636719,2434.115479,2603.970215,2092.695313,2122.579834,1632.431763,1636.084473,774.930969,750.872314
2613.119385,2453.945801,2526.776123,2193.948975,2130.4104,1640.01416,1634.188599,828.343018,747.847229
2574.222656,2508.614746,2536.286621,2179.759521,2166.333252,1672.827026,1534.068604,785.285339,789.016052
2625.369141,2473.061279,2575.051758,2187.807373,2281.672363,1737.941528,1623.573608,795.796448,802.089417
2611.644775,2420.519043,2525.263428,2147.791016,2174.666016,1627.276855,1582.666016,787.834534,759.58667
2585.132813,2504.180176,2560.506836,2134.374756,2166.301514,1669.364624,1616.671631,817.528992,748.96814
2574.803711,2406.161865,2492.80957,2133.021484,2203.127197,1619.982544,1587.116455,804.025146,757.936523
2635.296875,2492.5979,2570.124268,2197.099365,2206.675293,1691.595459,1646.970825,828.327148,763.957031
2551.77832,2436.973633,2536.803467,2085.647461,2167.070557,1687.525269,1537.635864,778.878906,749.660156
2686.423584,2548.212402,2548.2771,2132.966553,2177.375,1680.369995,1618.666016,802.964111,782.621582
2616.279785,2504.096924,2517.194092,2169.046631,2228.703125,1587.747925,1690.10083,822.0354,746.672668
2596.50708,2449.569336,2632.216797,2148.098389,2261.736572,1672.452515,1535.721924,791.533875,795.626038
2592.651367,2468.489014,2554.770508,2179.465088,2239.132324,1624.868774,1649.020508,785.210754,773.411865
2642.976563,2425.871826,2655.725586,2118.841309,2187.664063,1646.07312,1547.572266,808.560913,755.030151
2633.041992,2450.297852,2556.376953,2115.632813,2160.680176,1623.068115,1594.166504,798.270508,764.414673
2602.825195,2412.425049,2563.92749,2109.416504,2121.302002,1650.832642,1582.513306,807.77594,786.517639
2632.730225,2481.993408,2585.601807,2191.001465,2161.922852,1676.082275,1602.511963,793.645508,787.583496
2649.016357,2485.806396,2575.075684,2086.719727,2142.264893,1723.761597,1631.683105,797.435791,776.164856
2614.32373,2453.432617,2543.844482,2129.394531,2160.932617,1704.131836,1638.702393,804.397156,773.515015
2612.203613,2446.826416,2529.94458,2131.954102,2186.422363,1685.273926,1643.672607,794.240662,781.168945
2603.049316,2526.47998,2511.674805,2091.295654,2178.38501,1632.110352,1531.596802,775.361511,789.404236
2653.16748,2488.894043,2501.740234,2166.729004,2139.144775,1619.543457,1666.169434,803.682983,769.436035
2611.675781,2376.237305,2470.532471,2117.697266,2150.15625,1682.780396,1610.083252,785.658203,755.685669
2561.485107,2447.100098,2478.85791,2081.068604,2210.123047,1678.380371,1641.648071,802.019287,784.98291
2587.355469,2541.40918,2518.936035,2087.431152,2205.985107,1656.613159,1664.245117,784.768616,778.393616
2595.200195,2526.238525,2482.731934,2108.47583,2140.106201,1699.776001,1605.931274,777.960938,753.462036
2581.753662,2445.58252,2510.519043,2114.20874,2179.671631,1637.285889,1534.738892,806.669006,735.325073
2623.895752,2453.753174,2590.27124,2191.36084,2238.317871,1651.272461,1542.382568,795.81897,726.968872
2606.522705,2444.052734,2563.880371,2121.094482,2194.575439,1667.408325,1584.477417,792.633057,759.84967
2575.341553,2451.338379,2512.061035,2179.912109,2206.298584,1661.003784,1619.861084,808.724304,755.122925
2612.325439,2527.353516,2536.178711,2119.398193,2227.995605,1662.722778,1588.598389,834.42511,774.903809
2609.353027,2382.570313,2550.342285,2154.447754,2155.172607,1715.056396,1644.151245,776.492676,755.938416
2642.973145,2392.744629,2534.612305,2063.698975,2195.953857,1657.285034,1607.398926,791.405334,776.50116
2567.56543,2492.92041,2489.699219,2119.79541,2174.735596,1630.71106,1545.126099,818.238281,796.690125
2555.699951,2416.356201,2576.276611,2166.308105,2184.573486,1679.38501,1619.150879,774.539978,743.736023
2554.165771,2465.760498,2472.153564,2167.023926,2157.351563,1637.611694,1593.63562,806.098755,762.600586
2587.085449,2436.264404,2472.098877,2119.218506,2192.366455,1659.472534,1588.950439,767.207458,774.630188
2554.935303,2477.058105,2548.133057,2100.31958,2186.45752,1654.335205,1604.706299,776.377869,791.363403
2663.356689,2459.529297,2513.825195,2135.847412,2190.582275,1684.418335,1522.160522,795.904541,770.388367
2618.920898,2494.013916,2532.430176,2100.232178,2167.98584,1716.811401,1651.878052,796.281982,806.705505
2577.144531,2480.473145,2498.301025,2075.501953,2135.070801,1668.792969,1604.797241,765.462097,728.271301
2613.69873,2455.911377,2506.980957,2139.916992,2109.051758,1671.651001,1566.920532,788.408203,769.843628
2646.237305,2492.888916,2480.038818,2104.319824,2153.419922,1653.134766,1569.746704,803.105957,789.114258
2588.447998,2455.580811,2501.846436,2113.858643,2193.917725,1758.033325,1598.909302,788.319275,756.097595
2678.839355,2546.469482,2487.163574,2174.670166,2224.479736,1620.071045,1584.356934,800.035889,754.843079
2647.651367,2467.589355,2544.540527,2159.256104,2213.282959,1683.734375,1514.786987,775.963989,760.31665
2681.610596,2412.094482,2594.99707,2181.319824,2135.704834,1680.513794,1612.915649,814.862976,784.41394
2664.717529,2454.376465,2492.570313,2107.721924,2107.679443,1637.406738,1686.769897,849.747131,744.1203
2617.659912,2490.605713,2560.427734,2157.690918,2230.482666,1673.685913,1543.512817,817.526306,786.99884
2612.941895,2520.357178,2516.096924,2202.206787,2191.959717,1662.630005,1657.074219,830.273621,783.651184
2642.515625,2446.92749,2566.400391,2048.261719,2169.20459,1648.06958,1559.323975,832.456482,750.134155
2607.628662,2482.970947,2450.120361,2107.425781,2175.623291,1671.749023,1659.427979,796.741089,808.143982
2598.781494,2440.580078,2551.943848,2138.882568,2128.147217,1646.803589,1581.04126,798.144775,765.000183
2570.408936,2447.369385,2610.317383,2167.863281,2189.161133,1638.214233,1582.97998,799.838013,781.849182
2591.919189,2470.602783,2501.106934,2140.067871,2195.110107,1698.889404,1597.277954,811.767944,784.035156
2710.943604,2476.776123,2474.803223,2115.064209,2184.304199,1651.35144,1584.914795,793.76886,735.7229
2566.759033,2466.94165,2549.45166,2113.645264,2190.138916,1597.262573,1599.752808,784.181519,800.519714
2608.413574,2434.218262,2495.73999,2169.325195,2235.641846,1675.666138,1612.480591,832.007996,762.737183
2581.287598,2396.559814,2528.860596,2167.12793,2239.256104,1679.576904,1576.72522,809.536011,766.437805
2538.506592,2497.127686,2573.708496,2134.479248,2133.780029,1610.478271,1585.361938,784.127258,782.333435
2520.24585,2477.775146,2426.471436,2171.6521,2236.067139,1592.185791,1640.818359,779.84729,756.305542
2602.068848,2509.463379,2485.806885,2114.638672,2107.576416,1701.25708,1619.452393,823.818604,794.716675
2676.759277,2480.162354,2515.776855,2177.156006,2126.49707,1699.786499,1640.476318,790.785706,765.312439
2681.151611,2506.554199,2433.991211,2125.995117,2243.329346,1678.060547,1559.469116,807.669922,752.147888
2573.80542,2434.103271,2553.797852,2100.751465,2154.821045,1604.558228,1588.023926,802.089844,756.341064
2696.824463,2417.041992,2547.848145,2135.233398,2111.374512,1671.501221,1562.883667,801.265076,799.391541
2635.054688,2443.087891,2500.193359,2152.080811,2141.418701,1628.427246,1613.177368,791.103333,788.766174
2574.773438,2475.171875,2557.133545,2092.797363,2146.25,1609.636963,1634.55835,831.256958,774.87915
2723.918457,2462.589355,2510.654297,2085.140381,2176.601074,1702.255249,1625.954712,825.143433,767.484924
2541.941406,2472.525879,2501.086914,2162.246094,2165.818115,1728.495361,1677.823364,811.369141,783.6026
2607.257324,2489.996826,2526.019287,2109.537842,2169.735107,1681.580078,1597.269775,787.959412,785.646301
2546.882324,2521.140381,2616.392334,2208.42749,2154.672363,1691.115479,1604.51709,803.207092,782.869019
2636.624512,2415.66748,2516.335938,2126.323486,2200.531006,1620.357178,1597.633057,776.370239,767.274353
2680.338623,2400.983643,2477.085938,2121.490479,2257.413818,1617.886719,1657.400757,804.476074,777.362793
2637.580078,2497.748047,2476.685303,2090.455322,2219.423584,1702.194458,1609.210571,824.36322,809.50061
2552.688477,2560.440186,2512.230225,2162.506836,2133.432373,1677.741089,1623.238892,824.565918,749.968933
2564.227539,2516.374023,2493.054443,2194.752197,2165.706787,1620.886353,1581.935913,819.003113,756.314697
2719.973877,2496.419922,2519.713623,2161.78125,2214.940918,1725.222778,1553.844849,798.906067,774.730347
2605.80127,2493.370605,2530.724365,2169.496826,2180.762207,1640.888794,1645.553223,810.35675,739.265381
2580.335205,2444.13916,2580.712402,2066.242432,2207.608887,1644.164185,1644.086548,787.5271,791.662659
2682.536133,2528.88916,2576.043945,2119.375488,2227.176025,1628.898804,1620.337402,816.824219,783.283264
2566.746582,2421.152344,2562.270752,2218.650391,2151.864258,1628.854614,1580.446533,829.068298,731.329468
2638.576416,2498.6521,2511.539551,2095.814453,2157.992188,1658.169922,1610.98938,802.227722,775.811951
2618.923828,2430.93457,2547.692139,2104.583008,2145.887695,1703.039795,1587.529175,819.739868,756.579346
2589.831299,2477.888184,2578.435059,2150.357422,2140.394043,1714.340576,1535.517578,790.433655,755.866455
2583.420166,2495.488281,2589.621582,2179.829102,2284.557129,1634.644531,1671.794922,824.716858,770.450378
2604.306152,2534.306641,2572.897705,2161.54834,2188.997803,1679.762451,1585.284912,816.662842,774.507324
2600.3396,2402.6521,2474.620605,2114.133789,2179.641113,1638.180908,1642.252563,805.137756,749.720215
2576.858398,2388.811279,2567.207764,2118.343994,2153.957275,1696.66748,1616.311646,782.926697,760.189026
2559.484131,2447.6875,2559.538086,2206.807129,2149.372803,1572.086792,1555.221069,813.007935,766.547668
2584.833496,2428.6521,2502.173584,2099.314453,2227.812744,1716.640259,1544.252686,798.008911,784.56311
2612.635498,2452.319336,2561.188721,2155.253662,2258.602295,1693.138672,1612.496094,793.537781,760.676697
2545.493896,2426.197021,2472.232422,2141.596924,2198.159912,1677.338379,1649.451904,785.249084,739.211365
2561.05835,2428.283203,2572.690918,2108.661133,2143.240234,1686.460571,1633.03772,767.049927,780.111328
2627.27832,2507.300781,2583.607178,2119.754639,2172.39502,1696.695923,1614.438599,809.874817,783.000244
2591.26123,2492.287109,2497.418945,2124.209717,2200.8396,1664.174072,1593.745239,777.405945,757.190369
2561.523926,2451.144775,2539.258789,2145.451416,2188.123047,1715.451904,1640.213379,788.576843,786.001526
2643.526855,2463.37793,2553.259766,2067.521484,2113.864746,1677.953125,1624.956421,823.048645,756.985535
2556.180908,2420.143066,2555.371582,2084.746826,2144.432617,1668.905884,1610.168335,811.048218,794.322632
2692.723877,2479.747559,2561.231934,2143.09375,2255.375977,1659.550659,1627.903931,766.512756,756.078369
2706.935303,2486.84375,2493.241211,2214.20166,2274.961182,1678.63623,1559.018066,765.423035,742.4198
2723.102539,2436.930908,2519.861572,2168.13623,2138.470459,1671.190552,1656.21936,829.607422,773.656189
2601.634033,2466.57666,2457.709229,2115.936035,2154.117432,1674.853149,1550.910522,820.681946,745.195801
2613.120117,2510.923096,2478.052002,2171.440918,2163.897461,1658.479248,1603.72644,860.494019,797.397217
2616.719482,2475.377441,2480.996094,2150.581543,2131.934814,1733.044434,1612.531372,804.694275,760.830627
2578.492432,2429.828857,2595.682129,2119.779541,2107.888184,1656.939087,1572.663208,804.828918,774.252441
2530.965088,2415.325928,2563.924072,2089.030273,2189.884766,1657.644531,1593.607422,816.206604,777.797119
2663.904785,2449.691895,2590.723145,2141.968994,2209.021729,1646.945313,1584.341797,818.607056,787.919373
2629.812012,2444.778564,2561.385742,2122.187012,2161.449219,1601.165527,1610.574707,790.044861,787.069397
2636.908691,2429.956299,2560.411377,2138.794678,2155.395508,1677.807861,1611.647461,798.367126,754.752747
2660.175293,2405.552979,2478.047363,2116.735596,2186.785156,1608.429565,1614.851074,813.902893,783.082458
2612.233643,2493.338379,2551.605225,2080.969727,2109.690918,1624.030151,1583.81189,773.030212,779.414429
2621.767822,2511.626221,2534.73291,2232.051514,2206.409668,1668.881226,1714.265991,814.355408,767.023193
2547.020996,2414.527344,2526.024902,2118.56543,2198.589355,1700.305786,1640.158569,799.950195,750.594482
2584.590088,2548.382324,2518.101563,2108.227051,2126.32666,1626.226318,1625.408569,769.946289,811.097473
2602.433594,2476.049561,2523.10376,2151.103027,2151.710205,1723.503174,1640.627808,831.095398,771.013794
2606.890137,2445.510986,2536.762939,2147.370361,2180.22583,1738.991577,1608.472412,787.505127,756.654907
2625.728516,2395.593262,2529.601563,2230.05127,2181.093994,1624.303711,1622.923706,804.194275,766.384521
2641.806641,2520.690186,2492.384521,2063.36792,2158.656006,1679.697876,1521.796875,785.699219,772.930237
2683.367676,2488.327637,2511.22583,2060.996582,2230.193848,1683.956421,1609.092163,776.818604,738.587952
2613.096436,2467.373047,2578.663818,2233.226807,2149.965576,1664.522827,1593.619873,786.602295,819.636292
2606.549561,2427.33667,2513.776367,2150.009521,2152.52832,1658.356812,1585.825806,798.690918,785.944214
2597.106689,2441.290039,2493.971924,2071.086426,2201.441406,1655.268311,1593.200073,816.49707,763.321228
2699.542969,2495.788574,2524.843262,2083.713623,2100.072998,1686.524658,1644.046875,823.017151,812.188965
2605.094238,2420.910645,2479.295654,2180.845215,2188.789307,1558.066284,1606.632446,799.614441,760.488342
2674.772705,2422.758545,2453.23291,2138.58252,2161.65625,1642.484009,1575.188354,796.162109,788.245972
2628.160156,2581.741211,2484.37915,2148.049805,2223.996582,1707.691284,1681.484253,798.127808,810.678223
2610.568359,2484.624023,2546.557373,2104.372314,2162.753418,1610.887085,1599.304932,772.43811,791.188782
2574.515625,2402.62085,2460.836426,2023.523438,2148.632813,1683.085571,1584.858154,779.700134,745.704041
2538.98999,2471.545654,2517.427246,2057.367676,2190.678955,1690.787109,1627.399902,803.856689,755.286743
2539.466553,2414.887939,2573.032471,2094.320313,2135.76123,1675.823975,1567.290039,802.895935,747.05188
2546.861084,2489.689941,2523.208252,2153.35791,2241.569824,1671.831299,1593.19397,811.348999,781.103394
2678.927246,2385.300293,2522.135742,2159.020996,2202.130127,1674.478149,1631.437866,789.158203,766.938843
2580.542236,2438.103027,2520.703125,2149.461426,2193.036377,1696.302246,1581.443359,760.828552,788.896912
2648.342773,2473.685547,2531.442139,2108.947998,2180.884766,1564.213623,1572.164551,747.208435,772.927795
2560.879395,2544.013672,2530.41333,2201.919678,2231.640625,1664.166748,1582.700562,772.309082,779.537109
2572.271729,2481.27124,2514.704834,2085.951904,2143.004639,1633.416748,1582.188354,787.770569,755.29248
2612.888916,2448.159424,2556.971924,2132.695801,2211.522461,1657.870117,1669.070435,782.947266,784.455139
2707.011963,2411.531738,2501.393799,2123.732666,2166.775879,1626.133179,1581.179443,796.290039,793.457031
2672.392822,2519.573242,2540.566895,2170.281982,2197.460693,1672.122437,1613.020508,792.722107,756.351624
2564.931885,2522.494873,2452.144531,2163.568604,2219.770264,1660.504028,1564.844238,798.833679,784.258545
2603.610107,2522.587891,2547.87793,2083.646484,2192.756348,1748.928223,1586.835327,813.322388,759.850525
2545.487305,2423.313477,2509.637451,2149.44873,2169.279053,1655.638428,1622.457153,786.221375,803.317444
2644.317139,2430.395264,2523.305908,2161.880127,2177.915039,1653.001953,1647.98584,786.58844,767.472778
2649.663574,2535.818848,2579.749512,2131.547363,2217.062744,1655.313721,1608.135742,815.174438,778.277527
2637.907959,2374.941895,2475.309326,2140.195313,2162.183105,1673.477173,1586.825806,790.99939,727.434387
2564.343262,2487.29126,2524.927734,2196.974121,2155.595459,1681.935669,1636.844971,791.736084,754.346558
2591.080078,2436.436768,2494.348145,2085.622803,2188.088867,1698.54834,1632.356445,812.964905,759.008057
2533.642578,2429.69165,2505.682129,2100.82373,2189.907471,1592.8479,1580.23999,786.33844,762.627502
2715.388428,2500.736816,2494.500488,2166.695068,2157.028076,1730.539185,1622.026245,809.928528,762.131409
2677.111084,2422.916016,2557.674316,2167.454346,2187.847168,1657.668701,1595.793335,820.864014,761.299561
2679.362793,2491.518066,2508.452881,2141.537354,2171.793945,1572.57666,1619.592041,791.517334,763.324036
2681.542236,2451.220459,2490.494385,2077.32373,2249.749512,1665.381226,1623.48584,822.128662,785.395325
2591.216309,2437.545166,2558.346191,2209.879395,2216.498291,1673.104492,1609.294556,828.913147,776.85376
2562.096191,2434.90918,2532.441406,2067.093018,2152.137451,1716.62439,1633.624146,790.9021,754.608093
2597.490479,2512.990723,2583.959717,2207.845215,2254.938477,1726.637207,1551.897827,829.373291,798.414917
2646.303711,2499.275391,2506.909668,2141.899658,2212.568115,1666.879761,1567.128906,816.489929,770.255188
2619.65332,2469.763184,2507.85791,2144.805176,2184.100342,1621.387573,1575.003296,793.012207,787.094238
2654.097656,2513.327637,2599.955811,2130.717529,2191.310791,1633.208008,1616.311401,817.111877,783.837708
2644.53125,2434.813965,2486.887207,2199.482422,2260.740967,1587.759644,1553.438477,791.298462,785.225769
2578.046143,2446.421631,2456.630615,2111.713135,2184.231201,1604.59082,1600.287109,830.622559,767.378723
2650.328369,2388.837891,2574.01416,2119.226563,2212.418701,1681.903931,1650.688354,788.098938,787.788208
2631.610596,2465.843262,2603.206055,2114.529053,2225.525635,1609.660278,1605.375732,787.476624,754.861023
2655.626465,2416.328369,2536.701904,2221.515869,2182.383057,1638.644897,1666.060059,834.060486,806.957031
2570.723389,2485.876953,2523.003174,2137.579102,2183.841797,1587.136597,1633.433716,786.818237,756.444885
2674.848145,2424.538574,2564.365967,2099.911621,2218.431152,1687.506836,1616.068726,827.53302,787.731384
2567.573242,2452.317139,2536.081787,2095.245361,2121.55542,1666.453491,1609.442505,789.051331,785.230835
2555.779297,2474.726318,2539.7854,2196.647461,2209.815186,1670.428467,1652.791504,826.690186,806.967712
2639.593506,2488.081543,2502.609863,2100.825195,2209.581055,1650.380249,1563.332397,775.604675,746.196228
2675.715088,2444.955811,2508.555664,2148.904785,2125.599609,1695.515869,1581.709229,782.656494,763.30719
2584.286621,2505.98877,2530.418701,2137.088379,2185.179199,1677.463745,1594.487671,820.520142,774.968872
2544.63623,2522.521729,2477.973877,2102.273438,2205.724609,1640.995728,1626.973022,823.448303,779.577271
2571.200439,2480.556396,2491.671631,2161.205566,2265.694336,1711.74353,1554.364136,831.591797,777.189453
2668.015381,2485.504395,2610.511719,2110.605225,2191.062744,1668.086914,1583.84729,830.319153,749.835083
2618.533447,2419.888184,2551.15625,2084.114258,2183.4021,1679.142456,1611.62915,803.080933,751.307434
2614.526123,2427.599854,2473.962158,2048.068848,2089.481934,1644.145874,1600.297363,836.548828,804.595642
2584.856445,2529.032715,2497.731201,2155.531738,2197.218506,1733.836792,1574.151245,822.965027,791.261719
2636.044678,2465.167236,2438.111816,2059.405029,2204.624023,1704.883179,1559.442017,819.631836,773.304199
2626.799072,2472.878418,2554.704834,2044.795654,2165.119141,1649.309082,1603.459473,824.371216,780.568176
2569.725098,2501.840576,2516.126709,2183.763672,2139.437988,1716.374756,1562.192749,779.136414,780.990662
2530.508545,2501.032959,2525.660156,2107.087891,2153.201172,1635.266602,1627.173096,797.211975,779.669434
2566.597656,2489.655273,2538.747803,2120.269043,2194.573242,1624.963867,1619.453979,804.221313,793.399292
2620.105225,2426.963379,2544.187256,2056.833008,2132.46875,1655.169678,1614.162354,792.189392,766.947876
2547.164795,2516.155762,2582.969971,2091.42334,2174.670654,1750.76062,1575.670288,819.99646,747.29657
2579.218262,2508.171875,2572.712646,2108.258545,2203.438232,1680.709595,1625.633301,784.547302,811.749939
2528.478516,2493.609131,2548.545654,2139.581543,2174.916016,1689.579346,1610.358521,790.715393,760.732727
2629.56958,2526.960449,2460.502441,2103.953613,2113.43457,1673.738647,1571.31311,776.192261,755.424805
2650.64917,2444.927002,2551.423828,2086.300049,2237.480225,1693.007324,1588.793457,788.029724,786.021057
2626.234375,2439.983398,2496.955078,2195.238037,2144.648926,1734.086914,1562.592407,818.779663,783.987793
2532.44458,2414.38623,2535.264404,2131.465576,2182.099609,1661.992432,1560.911255,800.694214,777.639893
2665.513184,2456.233154,2593.69043,2186.744629,2287.029297,1704.563354,1621.384521,793.69696,799.17511
2644.156738,2473.693604,2520.355469,2100.233643,2151.231445,1663.082275,1529.051392,808.530884,768.021667
2589.775391,2495.984375,2530.812012,2106.592041,2228.660156,1638.30603,1575.952881,793.437988,748.585266
2624.491455,2476.033203,2472.587158,2059.866455,2267.060059,1706.36084,1597.299683,790.065063,817.383057
2567.575928,2507.394531,2558.237549,2152.8479,2149.100098,1642.77478,1604.84021,779.012268,763.007568
2643.415283,2451.526611,2521.461182,2229.783203,2215.330566,1657.193726,1632.0625,814.692383,756.903381
2608.174072,2487.45166,2546.818604,2097.439209,2171.067383,1700.898071,1563.992676,780.852417,788.271973
2659.231201,2476.205322,2472.816406,2186.707764,2195.86377,1693.96106,1620.66748,828.129211,748.196533
2586.964355,2353.762939,2507.764648,2113.851318,2179.094971,1729.811157,1610.671021,807.984314,782.229553
2596.188232,2498.12207,2570.396484,2062.829102,2183.420898,1680.76355,1609.454712,820.773254,759.600952
2643.418213,2523.661377,2548.340576,2140.227051,2147.462402,1674.686035,1639.661987,775.803772,741.688171
2702.489502,2510.585693,2583.884521,2067.70752,2184.25293,1638.827026,1598.157227,788.515564,726.074829
2663.362305,2432.665771,2506.877197,2063.078369,2206.37085,1654.087036,1620.823608,789.953003,770.862183
2569.699219,2529.109131,2524.996094,2136.712646,2201.15625,1654.305298,1570.938965,826.917419,791.103088
2575.017334,2486.031494,2464.5271,2121.467529,2218.9104,1651.437622,1560.901733,814.880432,775.633545
2600.818848,2427.952393,2453.675537,2189.687744,2185.876709,1682.115356,1611.810059,800.890015,752.239319
2475.395508,2459.110107,2505.718994,2132.476318,2130.35376,1661.528931,1643.405396,781.035583,802.590698
2515.519775,2417.751221,2532.450439,2073.843262,2217.448242,1629.102783,1634.188721,797.684326,777.374451
2643.796875,2517.893555,2672.001709,2141.98999,2218.978271,1676.827637,1596.387207,815.851379,809.626282
2536.510498,2496.663818,2526.064453,2113.449463,2176.814697,1638.007568,1574.185181,783.387695,748.612427
2567.570557,2452.211182,2466.888184,2095.354004,2148.29126,1617.906128,1665.282104,795.413025,793.64093
2579.092285,2426.693848,2532.358154,2143.621094,2233.56543,1744.336426,1618.076904,792.23053,771.888
2618.136719,2499.050537,2509.430908,2125.301758,2202.210938,1643.576904,1590.356567,799.078857,757.588074
2644.352295,2481.997314,2461.155273,2109.663818,2224.567871,1667.265625,1566.201172,818.924011,761.445618
2588.863281,2494.462891,2616.694092,2165.107666,2279.310059,1654.668457,1583.418579,801.811829,748.537476
2596.33667,2452.657227,2568.672119,2080.13208,2094.743652,1707.047119,1571.213623,801.512756,749.672791
2633.230713,2455.406006,2500.345215,2089.084229,2196.080566,1651.890625,1613.005127,798.670044,773.731262
2650.966064,2464.787109,2550.884277,2122.385254,2177.541504,1718.432861,1609.567993,808.982849,773.172058
2565.296631,2465.442383,2492.335205,2107.613037,2121.317871,1625.57666,1575.802734,791.868347,762.502258
2648.322021,2468.327637,2580.593018,2128.548828,2184.970459,1664.664185,1566.63562,818.38623,770.747742
2586.333496,2468.340332,2502.542969,2120.678467,2116.110107,1643.463379,1696.541016,778.256531,770.722229
2559.531982,2453.738525,2579.643066,2109.005859,2173.47168,1653.549927,1637.9198,802.568298,797.923584
2605.80835,2535.768799,2665.373291,2116.079102,2196.08374,1641.733887,1600.47229,808.523438,752.508484
2609.317871,2420.080811,2662.685547,2112.24292,2096.151855,1694.720337,1568.55896,799.110779,778.973083
2617.685303,2407.756348,2515.858398,2185.88208,2118.200928,1654.909668,1622.304932,785.31543,755.068115
2580.266113,2378.15918,2466.79126,2080.353271,2149.356689,1657.127441,1632.287354,787.588745,756.782593
2608.692383,2468.137207,2565.227783,2094.124756,2130.026611,1669.360107,1555.274536,801.850586,757.28772
2674.980713,2478.921387,2467.840576,2090.494873,2205.66748,1706.598877,1567.78125,801.624939,789.33728
2586.469238,2460.130371,2520.771729,2126.678467,2199.818848,1698.744629,1627.688599,812.212524,746.033386
2651.479248,2431.769287,2498.450928,2107.573242,2138.015381,1685.91687,1622.391968,803.589905,790.821289
2624.487793,2441.819092,2492.477539,2146.939941,2135.526123,1611.46582,1573.410034,758.478638,756.375183
2572.741211,2547.342529,2527.78833,2142.566162,2260.979248,1620.892578,1644.447144,805.27124,780.790833
2617.711182,2439.497803,2541.618896,2132.76001,2122.878174,1667.875488,1623.812378,807.132629,745.499451
2662.536621,2503.420166,2464.341553,2104.653564,2211.696533,1665.231934,1573.332886,809.846985,781.078064
2567.414551,2469.479492,2484.302002,2026.45752,2212.655029,1617.331665,1587.400269,808.395447,798.002014
2551.441895,2491.451904,2461.082031,2097.006836,2138.751221,1665.164429,1568.1521,809.033936,758.68158
2562.466797,2478.907715,2500.845703,2172.232666,2118.304443,1632.942261,1608.982178,801.314575,753.050171
2617.555908,2405.855957,2575.917725,2157.606201,2120.87085,1641.70166,1529.118774,801.549561,791.480225
2629.729736,2449.211182,2533.083496,2146.916504,2183.335449,1717.347046,1632.283813,826.745178,754.891724
2591.963623,2389.552246,2475.008789,2063.039551,2173.967773,1642.283325,1556.810791,784.553955,799.238159
2532.665771,2498.836426,2513.806152,2164.169434,2209.942627,1628.011475,1585.993164,807.725647,790.424194
2610.456299,2461.815186,2599.438477,2118.577881,2129.453369,1659.613403,1613.473633,794.568298,755.120422
2678.496338,2494.541748,2508.394043,2116.376709,2197.737793,1617.946899,1624.62915,829.231812,788.262268
2608.157471,2442.397705,2526.454346,2150.55249,2145.663574,1613.920898,1622.685791,815.437439,768.689575
2668.312744,2456.631348,2417.280762,2116.502441,2110.909912,1639.304443,1595.174316,801.212952,772.637329
2600.302734,2399.006104,2601.975098,2161.212646,2189.619873,1665.11084,1580.767944,800.194519,765.770386
2615.422607,2478.601807,2450.626465,2208.762695,2222.948486,1643.342407,1597.873901,772.650513,773.373413
2575.128662,2426.419189,2582.030273,2054.583496,2148.824707,1609.405273,1549.071167,808.324524,770.903381
2613.953857,2455.644043,2522.726074,2115.489746,2219.149658,1612.668579,1673.900513,833.755432,791.120667
2576.04541,2448.542236,2574.290283,2159.687988,2202.073486,1629.763672,1608.864014,794.688293,790.72699
2654.107178,2488.218018,2441.250244,2160.773682,2066.443848,1632.191528,1524.849854,791.296143,761.36792
2651.849609,2503.074951,2662.744629,2168.842041,2063.440918,1676.017456,1606.811768,805.376038,774.559631
2606.219238,2421.97876,2572.645264,2113.030029,2131.230225,1634.831421,1534.70105,824.379944,734.162476
2606.61792,2377.89209,2575.581787,2096.436768,2188.43457,1604.120117,1618.311279,831.973083,777.297119
2612.465088,2474.580078,2547.711426,2132.711426,2161.038574,1652.860229,1660.87085,811.099976,765.371643
2634.159424,2493.91748,2460.039795,2106.166504,2190.077393,1700.026733,1612.097168,767.9552,742.718262
2614.434326,2397.937744,2551.403076,2154.572998,2203.043701,1674.528809,1575.782349,788.952698,771.487732
2487.794189,2454.5271,2563.350098,2093.528076,2258.916992,1674.687622,1599.959717,802.595154,772.010559
2554.187256,2475.853027,2530.848877,2130.208252,2145.710693,1700.769409,1598.159058,827.209656,819.34021
2632.135254,2477.917725,2639.618896,2163.80542,2203.444336,1679.508423,1605.749146,811.518982,778.073914
2598.5979,2495.197998,2574.022949,2107.88208,2150.395264,1670.304077,1601.844116,821.442505,772.954651
2607.865967,2434.307617,2528.139893,2158.070801,2201.743164,1657.545898,1640.661499,790.790466,763.179504
2654.789795,2347.301514,2540.35791,2085.766602,2093.680176,1588.741211,1556.50647,790.68335,771.42688
2538.889893,2500.787109,2534.153809,2201.016846,2259.901123,1653.240356,1602.548706,840.761536,778.131042
2641.715088,2464.055664,2479.695313,2124.750488,2123.648926,1651.757935,1602.252319,818.59137,741.907654
2574.376709,2511.358154,2468.679199,2145.192139,2232.903076,1645.164795,1615.763306,786.180664,774.99823
2508.429199,2504.62207,2498.60791,2103.120361,2167.245605,1631.049194,1564.628784,793.236938,776.571167
2608.873779,2434.592041,2545.489746,2115.194824,2199.496094,1666.818237,1593.953369,812.965027,766.408569
2645.047363,2439.757813,2491.279053,2186.318115,2225.630615,1689.789429,1578.111816,816.16095,788.678528
2619.490723,2541.73877,2417.289551,2154.984131,2102.905518,1614.396851,1575.394165,814.986694,761.739563
2666.774414,2392.89624,2579.561523,2132.804932,2202.140381,1666.21106,1604.520386,823.821716,771.592468
2623.389404,2540.36792,2513.08374,2096.19458,2153.827637,1636.807129,1567.675415,803.030884,788.02063
2525.215088,2484.251221,2566.42749,2157.306885,2238.905762,1662.619385,1588.935547,834.533081,764.101318
2679.289063,2473.655273,2506.932373,2119.470459,2129.548584,1605.870239,1597.94104,825.148987,773.36731
2720.943604,2362.39502,2528.222412,2107.718994,2169.648682,1626.159424,1575.231689,779.866028,755.072998
2540.919189,2451.154785,2427.794434,2151.40918,2224.084473,1669.487549,1584.143311,784.448242,767.634705
2653.825928,2494.99585,2549.201172,2072.240234,2139.051025,1646.692139,1561.969849,797.12616,777.520264
2710.957764,2434.401123,2555.652832,2126.755615,2201.490479,1651.891602,1579.884644,783.062744,782.471436
2593.337891,2403.700439,2518.256348,2125.39624,2168.962891,1680.258545,1551.452026,806.687683,775.599121
2553.108398,2414.381104,2532.28125,2199.004639,2153.523193,1632.008667,1620.1875,798.260254,762.523499
2521.921875,2450.881836,2518.426514,2073.595703,2034.535278,1646.814697,1637.09375,788.878723,784.451538
2637.179443,2489.342041,2614.677246,2088.268311,2278.348145,1608.816772,1568.954834,787.702942,781.292908
2633.727539,2528.794434,2480.336182,2143.168701,2196.133789,1617.518311,1608.522217,780.153137,792.209534
2624.276855,2437.89917,2530.559814,2170.75,2186.107422,1688.86377,1571.560913,806.099854,794.625122
2538.274414,2517.521729,2532.293457,2097.763916,2158.023682,1703.5979,1656.87915,794.522156,780.895935
2541.91333,2467.279541,2624.877441,2082.52002,2194.240479,1667.644043,1552.541504,807.322693,761.997314
2653.928955,2507.993164,2518.044434,2205.088379,2209.462646,1662.040649,1596.668945,793.203186,806.983582
2586.762939,2455.944336,2514.77832,2183.110596,2193.264893,1641.298218,1613.561768,808.873047,762.335205
2630.665283,2428.789795,2492.338623,2083.737305,2234.864746,1702.621338,1586.497437,811.749084,755.637451
2625.597168,2492.553955,2590.738525,2174.567871,2142.593994,1680.276733,1673.998291,813.848389,776.835693
2517.950439,2464.294189,2589.334961,2144.665039,2212.441895,1665.286133,1551.216797,777.096252,795.331604
2634.213623,2427.961182,2559.212402,2114.98999,2212.591553,1666.372437,1579.552246,798.91803,802.397522
2606.028564,2453.675049,2490.354248,2097.474121,2135.095703,1685.915894,1597.990723,785.84729,750.552185
2618.903564,2446.561523,2496.970215,2092.897949,2130.126709,1672.468506,1603.386353,826.485168,784.633484
2612.184814,2368.841064,2440.196289,2055.445068,2142.087891,1640.643433,1598.256104,772.715332,773.507263
2652.095459,2496.864258,2465.545898,2190.61084,2263.35376,1670.402344,1579.373535,800.519287,775.151489
2598.243896,2498.276611,2528.199951,2100.477295,2240.154541,1662.338623,1591.477051,823.728821,768.742859
2704.526367,2501.278809,2618.802734,2113.002441,2143.050781,1634.345093,1598.648315,787.155457,772.245422
2505.791504,2445.043701,2496.359863,2171.483398,2168.581055,1678.564697,1643.526611,792.613037,771.148499
2646.077881,2449.145508,2593.436035,2146.235352,2191.221924,1630.291992,1639.355713,795.29657,765.911255
2626.100098,2527.024658,2496.708984,2187.26709,2178.964844,1731.80188,1656.506348,791.615601,787.184448
2623.494873,2401.692627,2497.984375,2176.308105,2222.733887,1610.489502,1616.375244,817.492676,770.217651
2580.455322,2429.934814,2547.919189,2135.449951,2144.453613,1651.004272,1585.506348,789.304199,778.810303
2632.283936,2417.727051,2527.400635,2119.325439,2234.781494,1635.569092,1608.53894,810.441528,757.370605
2700.374512,2596.864014,2512.303223,2099.968994,2308.774902,1674.687988,1605.880859,819.648804,773.184326
2611.649658,2429.464844,2517.604248,2159.674561,2109.236328,1625.873169,1623.913086,765.852356,760.077026
2563.497314,2475.739746,2499.829834,2182.773438,2222.600342,1624.413452,1625.398071,788.508057,743.871582
2563.908691,2404.865234,2559.743408,2158.095459,2141.087891,1731.506714,1576.213867,818.884949,797.113342
2530.818604,2436.862305,2507.973389,2122.108887,2168.106934,1613.05603,1608.237183,770.083069,772.214844
2562.932129,2415.569092,2536.615479,2139.125977,2215.334961,1692.167114,1677.277588,827.692078,774.760864
2601.401855,2447.078857,2509.541016,2157.418457,2215.954834,1646.470703,1606.770142,816.020752,748.620911
2652.088135,2454.148438,2551.229492,2150.977295,2196.643066,1663.551025,1630.699097,779.969849,741.026672
2584.662109,2396.840576,2526.284424,2094.404297,2083.935303,1664.689575,1544.34082,785.817505,770.827087
2643.468994,2463.14209,2611.729248,2140.789551,2191.021973,1642.771973,1614.881958,760.131836,776.604797
2610.037842,2400.356934,2530.227783,2123.80249,2244.60498,1646.792847,1535.159302,789.753784,760.027588
2657.82959,2564.315918,2591.264648,2146.558105,2137.066406,1697.424805,1612.203613,806.026978,754.673767
2622.759521,2426.270508,2504.695068,2100.85498,2165.276367,1656.015015,1615.315674,787.28833,768.282959
2544.104736,2456.801758,2518.931641,2148.085205,2200.170654,1682.640625,1540.002808,813.712708,779.417725
2729.981934,2515.302002,2567.970215,2096.166504,2217.206543,1621.525635,1617.595215,832.611145,802.994507
2635.752197,2380.844727,2572.503906,2114.552002,2140.165771,1660.036133,1563.746826,829.682922,761.99115
2563.797852,2446.243408,2539.438721,2133.015869,2125.294922,1693.719482,1600.160278,805.941833,805.209351
2603.156494,2403.450684,2463.670654,2110.811523,2221.081055,1629.321411,1615.411621,794.088379,796.233704
2630.613525,2436.605469,2545.415283,2135.677246,2185.64624,1713.239014,1543.977661,829.007629,746.653809
2591.773682,2433.768799,2540.365234,2196.774414,2193.055664,1622.124878,1587.145142,833.591797,791.680359
2638.744141,2503.155762,2520.116943,2158.98584,2311.248535,1645.337524,1603.249146,810.852112,747.942017
2696.367432,2437.119385,2537.258301,2113.888916,2216.163818,1700.50769,1622.908325,812.431274,769.756714
2598.869873,2483.029785,2486.889648,2078.89917,2115.734131,1575.248779,1585.431396,789.213623,798.781738
2602.885254,2559.445313,2483.922852,2206.910156,2226.136719,1664.704346,1585.845337,790.616943,794.511658
2665.320313,2475.278809,2548.539307,2109.54541,2179.656982,1718.0896,1566.099243,788.37561,737.663208
2599.739746,2513.048584,2529.692139,2123.119873,2193.339111,1686.202637,1653.962158,810.881653,795.139221
2704.080078,2412.885498,2506.302002,2057.221924,2151.270508,1661.741943,1649.475952,806.126953,775.966248
2616.673828,2519.667969,2519.509521,2180.025391,2185.900146,1689.945435,1582.304199,796.898254,756.339722
2640.47583,2439.949951,2570.551025,2108.702881,2169.74292,1624.721558,1701.684204,784.563293,750.430725
2652.668945,2441.274414,2549.754639,2153.597412,2217.54126,1690.582153,1667.378296,768.116882,775.938049
2549.02124,2429.207275,2523.352539,2104.284912,2167.290771,1703.543335,1610.61499,809.583191,762.420898
2665.849854,2411.490479,2449.291992,2083.029541,2125.575684,1604.222046,1651.443848,816.664978,763.966125
2595.406738,2448.212158,2561.043213,2159.796143,2202.709717,1674.361694,1623.306274,802.510986,793.837891
2763.66748,2481.116699,2524.655273,2166.256104,2147.310791,1628.12085,1580.709717,792.825012,769.689697
2712.012451,2515.276123,2578.743164,2138.656982,2108.491211,1652.012817,1593.07959,810.859009,765.72937
2627.955078,2486.074951,2529.283203,2210.25415,2231.387695,1642.408691,1647.49707,812.554932,777.415649
2568.768799,2501.74292,2431.23291,2166.019775,2147.251221,1611.319824,1575.179077,798.357605,814.46991
2644.946777,2417.06543,2565.406738,2096.888428,2231.610596,1635.124146,1638.657104,803.38092,780.387573
2616.551758,2475.275879,2567.664063,2093.816162,2226.693848,1712.073364,1606.125854,790.726257,749.319092
2612.805176,2457.490234,2558.252197,2151.667969,2162.386963,1633.011719,1632.917114,811.003845,752.968018
2650.727051,2578.45166,2527.167236,2096.827148,2159.391846,1635.59082,1558.490112,813.510864,793.761169
2600.225098,2481.69458,2526.901855,2196.05542,2180.690674,1678.025146,1567.05896,805.034058,804.387207
2578.132813,2397.036377,2584.42334,2177.248291,2230.784668,1643.55542,1600.126831,783.139404,771.336426
2622.26709,2492.903564,2517.948242,2087.705811,2166.491943,1684.991455,1619.435425,806.901184,785.026855
2578.822266,2454.61499,2451.089844,2228.208008,2201.568848,1683.766846,1552.799438,799.486938,785.437073
2667.465332,2497.537354,2637.893311,2171.025391,2162.227539,1714.019653,1596.41626,780.801331,762.485718
2714.960205,2530.962891,2567.24292,2169.975342,2217.566406,1625.957153,1600.083252,795.394409,804.103333
2657.500732,2436.205811,2486.273926,2190.776367,2227.832764,1742.837524,1594.902588,793.608215,755.098999
2655.184326,2529.293213,2604.288574,2070.489014,2192.538818,1648.35022,1621.634521,823.157959,755.626282
2620.995117,2447.462646,2442.519043,2114.751953,2212.1521,1670.268433,1624.397949,797.803101,778.625366
2597.532959,2471.672607,2554.507324,2160.584473,2236.27002,1650.847046,1509.566772,760.396179,770.880432
2594.393555,2482.770508,2544.587158,2066.636963,2200.202881,1700.523682,1703.929443,798.646057,765.857422
2653.087891,2534.346924,2545.787598,2159.27124,2290.565918,1720.2771,1608.455688,802.579224,760.328857
2544.529541,2477.276855,2515.806641,2150.471191,2186.347168,1748.060547,1596.069824,816.201477,789.781311
2617.811279,2492.162598,2509.159424,2240.334229,2216.001221,1613.687622,1609.116455,781.785095,777.535278
2665.002686,2499.510742,2603.396729,2173.487549,2164.158936,1651.885864,1629.196167,802.010376,778.80127
2597.144287,2451.276123,2515.069336,2122.886963,2316.114746,1627.637329,1523.423828,814.452332,754.447266
2675.970703,2444.35791,2579.503174,2098.353271,2241.564941,1651.7854,1649.837158,789.467468,740.076599
2519.208252,2491.67749,2454.50415,2193.809082,2188.331543,1665.945679,1628.493164,791.971558,777.811951
2563.088623,2546.417236,2511.908936,2146.668213,2209.817383,1646.57251,1610.997925,791.845764,754.14563
2632.71875,2501.638916,2563.198486,2189.15625,2227.014404,1675.321167,1578.562866,778.266479,799.657166
2602.192139,2510.560791,2551.91333,2121.137939,2178.717529,1616.571289,1571.290161,812.600464,766.552551
2492.945313,2486.693604,2520.302002,2128.49292,2171.233887,1697.95813,1601.132446,811.142456,748.650146
2615.7229,2441.841309,2503.172852,2112.20166,2161.713867,1669.551758,1606.268433,781.638184,764.140503
2601.247314,2498.826416,2606.880127,2112.431641,2230.505127,1692.328125,1665.764282,789.660522,791.408997
2597.972168,2417.496826,2492.034424,2182.29248,2188.421387,1629.879761,1602.195557,810.138611,755.69751
2578.263184,2428.537354,2486.356445,2112.867432,2156.013184,1655.502075,1552.234619,812.292419,777.475891
2582.440674,2467.158203,2518.982666,2076.863525,2171.019775,1684.926636,1554.726318,783.678284,773.277527
2640.42627,2400.645508,2546.584717,2149.579346,2187.212646,1679.899658,1614.885986,760.190918,794.472534
2598.289551,2521.942871,2540.690186,2095.449463,2157.407715,1665.126587,1613.519531,789.216064,751.117004
2569.001953,2507.313477,2531.713867,2153.824219,2195.53833,1606.934692,1608.928711,814.818726,752.388245
2637.376221,2481.201904,2493.37085,2049.00415,2130.691162,1619.033813,1615.607788,826.612854,739.947388
2642.228027,2549.906006,2530.014893,2101.227539,2206.334473,1638.619629,1590.778198,785.260193,789.955261
2552.862549,2521.44873,2594.134521,2156.751953,2160.933105,1651.897461,1669.161011,808.041016,812.261536
2613.135254,2515.389404,2467.47998,2084.198242,2129.171875,1621.725952,1593.094727,786.659851,756.778076
2608.097412,2525.793945,2609.367432,2140.458008,2211.036865,1655.440796,1644.038208,787.569641,781.941467
2595.706055,2421.394775,2549.362793,2148.085449,2236.784912,1696.834717,1602.457764,805.289612,766.645569
2521.514893,2414.149414,2501.143311,2239.803955,2218.212891,1634.526001,1642.314209,793.608887,777.664795
2720.329834,2464.77417,2561.591309,2141.076416,2183.628662,1748.437744,1565.091064,792.658997,785.82605
2557.593018,2428.691406,2498.220947,2158.137695,2130.974609,1603.341431,1568.74646,799.497681,760.813232
2491.892822,2482.245605,2494.261475,2150.997803,2193.109863,1654.209229,1606.344604,803.277344,770.394348
2589.370117,2476.90625,2508.886719,2101.108154,2208.605713,1655.623047,1567.55835,825.314697,778.824524
2602.875488,2500.559082,2465.188477,2171.77832,2163.807373,1654.047241,1593.470215,806.240601,768.585571
2590.165039,2440.504639,2525.510986,2109.196045,2225.449463,1692.187012,1619.981567,804.984741,783.742676
2693.081787,2423.140625,2522.949463,2091.851563,2217.338623,1704.911621,1593.461182,810.861755,753.473572
2650.602539,2482.703369,2493.934814,2146.268311,2182.438477,1716.163452,1589.314941,791.635803,750.143921
2684.143555,2415.654541,2527.675049,2068.899658,2242.548828,1695.442383,1610.23645,781.744995,752.487488
2577.989014,2485.967285,2606.900391,2101.696533,2230.542236,1642.261475,1594.004639,789.69342,789.231812
2646.642822,2428.647217,2542.39624,2092.512451,2215.07251,1648.507446,1560.491943,771.331482,772.4729
2625.664551,2483.921143,2531.284668,2132.914307,2208.854248,1689.628662,1491.151489,789.20575,770.486206
2685.614014,2394.069824,2519.555176,2079.51001,2251.616943,1665.523682,1579.428467,815.453674,771.987427
2547.320313,2506.165527,2472.9729,2168.859375,2191.406738,1685.24939,1606.570801,782.643677,755.666321
2595.647217,2555.815674,2526.935547,2217.98877,2099.76001,1707.171753,1590.23938,791.511475,769.668579
2540.172119,2496.14917,2547.924561,2158.798584,2113.964844,1694.905151,1586.54126,771.252136,747.549377
2553.172119,2404.760498,2560.269287,2144.646729,2191.297363,1738.000122,1623.212158,805.847046,752.100891
2528.686035,2535.737061,2538.145508,2061.260986,2129.835693,1661.246094,1592.788452,845.83667,795.639587
2549.053711,2496.243896,2577.540527,2126.598389,2276.282227,1688.424316,1586.199463,805.177551,768.505493
2656.371826,2575.59668,2418.51709,2144.889648,2232.012695,1632.464478,1585.133057,777.983154,759.351685
2657.526611,2465.842285,2640.249512,2107.353516,2217.083496,1627.879028,1573.321533,811.116333,767.060608
2629.858887,2454.621582,2546.001709,2093.730957,2221.304443,1690.94043,1615.926025,824.268005,780.55719
2738.40625,2452.414307,2570.581543,2058.06958,2281.474609,1685.019287,1593.526245,819.990906,780.703735
